{"\u4e00": 1.7077934960771846, "\u4e09": 3.7110549416039635, "\u4e0a": 2.0742180549817486, "\u4e0b": 2.738068866053263, "\u4e0d": 2.3939394811781463, "\u4e16": 1.8857219065804813, "\u4e26": 3.768213355443912, "\u4e2d": 1.8123736761511298, "\u4e3b": 4.065747724338705, "\u4e57": 3.3627482473357477, "\u4e71": 3.922976968174209, "\u4e8b": 2.266589947629205, "\u4e8c": 2.4742923144550364, "\u4ea4": 3.562874428763209, "\u4eba": 1.5878789839568375, "\u4eca": 1.5705803647877417, "\u4ed5": 3.433844169019478, "\u4ed6": 3.5749227672793835, "\u4ed8": 2.3837589212460286, "\u4ee3": 3.1435339741614277, "\u4ee5": 3.8133337907243816, "\u4f1a": 2.610130513177474, "\u4f1d": 2.8727257511995203, "\u4f38": 3.357858262041556, "\u4f3c": 3.8892184882492544, "\u4f53": 2.61128591480803, "\u4f55": 1.670105212123598, "\u4f5c": 2.9141109673623746, "\u4f7f": 3.7905191129582105, "\u4f9b": 3.97133803986763, "\u4fe1": 2.8460575041173586, "\u5074": 3.9534804224676234, "\u507d": 3.9803878753875477, "\u50b7": 2.923544999595733, "\u50cf": 4.003377393612247, "\u50d5": 1.902083343494787, "\u512a": 3.0824462821815892, "\u5143": 3.392601210485429, "\u5148": 2.548555385484603, "\u5149": 2.652589720949266, "\u5165": 3.060467375462814, "\u5168": 2.194707452235875, "\u5171": 3.8406259330123893, "\u5185": 3.5362849745739693, "\u51b7": 3.2917965113634633, "\u51e6": 3.1376458315362052, "\u51fa": 1.5551829779365047, "\u5206": 2.0668131069751707, "\u5207": 2.270693359213797, "\u521d": 3.3148922261581126, "\u5225": 3.3505678287788765, "\u523a": 3.7463943080492723, "\u523b": 3.5075473648066127, "\u524d": 2.1071880742193185, "\u529b": 3.2940822266443193, "\u52d5": 2.248732330229198, "\u52dd": 3.68028328293721, "\u5305": 3.864627085111932, "\u5316": 3.385054004850046, "\u5341": 4.041296628474541, "\u5343": 3.8485624826081257, "\u5358": 3.821055836818292, "\u53bb": 2.934665050639811, "\u53cb": 4.046139252950328, "\u53cd": 4.0080394067180585, "\u53d6": 2.877240431554047, "\u53d7": 3.801861389562145, "\u53e3": 3.040735793600219, "\u53eb": 3.2362883676536756, "\u53ef": 3.7463943080492723, "\u53f3": 4.0080394067180585, "\u53f6": 3.584055250842656, "\u5408": 2.2495371592464855, "\u540c": 3.0075449740084714, "\u540d": 3.1144339576749864, "\u5410": 3.2917965113634633, "\u5411": 2.576075008764979, "\u541b": 1.7826583750413585, "\u5438": 3.7463943080492723, "\u5439": 3.6870400654000894, "\u544a": 3.880953978399361, "\u5473": 2.540983688953709, "\u547c": 2.904765104944137, "\u547d": 2.8115713280461896, "\u548c": 4.036477342038591, "\u54b2": 3.3603002656971075, "\u54c0": 3.931597711218116, "\u554f": 3.666905156991034, "\u559c": 4.041296628474541, "\u55da": 3.9446697927854686, "\u5618": 2.934665050639811, "\u56de": 2.76063120336035, "\u56f3": 3.9987370140557443, "\u56fd": 3.880953978399361, "\u5728": 3.3505678287788765, "\u5730": 2.6931607429496944, "\u57cb": 3.9017447480684346, "\u5831": 4.065747724338705, "\u5834": 2.6782165046814175, "\u5857": 3.931597711218116, "\u58ca": 2.890908070282711, "\u58f0": 2.1009228257403874, "\u5909": 2.293988921817319, "\u590f": 3.8686838858075467, "\u5915": 3.864627085111932, "\u5916": 3.1144339576749864, "\u591a": 4.031681169775098, "\u591c": 2.2085219466790633, "\u5922": 2.029296367590237, "\u5927": 1.9881643436147005, "\u5929": 3.15342525164017, "\u5931": 3.0514501818126254, "\u5947": 3.7110549416039635, "\u594f": 4.070710513680833, "\u5965": 3.653703645132498, "\u596a": 3.735660752406164, "\u5973": 2.934665050639811, "\u597d": 2.5507292993842223, "\u5984": 3.922976968174209, "\u59cb": 3.0713964459950045, "\u59ff": 3.6025742986098934, "\u5acc": 2.7947642097298084, "\u5b50": 2.3902254564817746, "\u5b57": 4.036477342038591, "\u5b58": 3.6182732081529974, "\u5b64": 3.640674144842164, "\u5b66": 4.051005442601501, "\u5b88": 3.518943499537482, "\u5b89": 3.2849705462930636, "\u5b8c": 3.922976968174209, "\u5b99": 4.003377393612247, "\u5b9a": 3.5160822672564502, "\u5b9f": 2.817237065581867, "\u5bb6": 3.760887315351839, "\u5bc2": 3.4497596243253774, "\u5bc4": 3.6342225095606753, "\u5bc6": 4.022157288263843, "\u5bdd": 3.9534804224676234, "\u5bfe": 3.7110549416039635, "\u5c0f": 2.9905087868559037, "\u5c11": 2.4895287696971264, "\u5c3d": 3.7718966008602086, "\u5c45": 3.0992534004979704, "\u5c4a": 2.657420648218931, "\u5c4b": 3.3505678287788765, "\u5d29": 3.753614556022759, "\u5de1": 3.77930404213807, "\u5dee": 3.4391212261203217, "\u5e0c": 3.794285595753687, "\u5e30": 3.3505678287788765, "\u5e38": 3.5421329444563927, "\u5e73": 3.5658729317594657, "\u5e74": 3.078749420300263, "\u5e78": 3.0109873181994447, "\u5e7b": 3.864627085111932, "\u5e83": 3.676921935234505, "\u5e95": 3.935936112816714, "\u5ea6": 2.3828385346187, "\u5efb": 4.070710513680833, "\u5f15": 3.106814873198547, "\u5f31": 3.6214427829142766, "\u5f35": 3.468653573685339, "\u5f37": 3.002403574508053, "\u5f3e": 3.9402934181856697, "\u5f53": 2.6252558742482304, "\u5f62": 3.4934824353392093, "\u5f71": 3.3055898334957994, "\u5f7c": 3.1755367052476013, "\u5f85": 2.4895287696971264, "\u5f8c": 2.407991234633797, "\u5f97": 4.003377393612247, "\u5fae": 3.6119640389597327, "\u5fc3": 1.921612970516271, "\u5fc5": 3.757244324073338, "\u5fd8": 2.4682621454284455, "\u6016": 3.338533989215153, "\u601d": 1.9894050385629352, "\u6025": 4.0608094426981225, "\u6027": 3.4391212261203217, "\u604b": 2.8787498658029014, "\u6050": 4.055895427895694, "\u606f": 2.926709559198696, "\u6094": 3.584055250842656, "\u60a9": 4.070710513680833, "\u60aa": 2.854868133799514, "\u60b2": 2.8667377093548976, "\u60c5": 2.6334960621336863, "\u60d1": 3.7145332059802882, "\u60f3": 2.1463529230112544, "\u610f": 2.4042247518383197, "\u611b": 1.9795223145208718, "\u611f": 2.285606643064515, "\u61b6": 3.317231408511285, "\u6210": 3.5810018133557655, "\u6211": 3.615113647862629, "\u6226": 3.7110549416039635, "\u623b": 3.1634153447152564, "\u6240": 2.798939581140289, "\u624b": 1.6887718137640761, "\u6253": 3.6214427829142766, "\u6295": 3.8485624826081257, "\u629c": 3.0092646648879984, "\u62b1": 2.8402265838065657, "\u62bc": 3.864627085111932, "\u6301": 2.622913952803149, "\u6307": 2.904765104944137, "\u632f": 2.8667377093548976, "\u6368": 3.1735062476972193, "\u63a2": 2.9654866306804113, "\u63cf": 3.2362883676536756, "\u63e1": 3.9758527202221567, "\u63fa": 3.0824462821815892, "\u653e": 3.240617378743261, "\u6545": 3.880953978399361, "\u6551": 3.735660752406164, "\u6559": 3.251522612225523, "\u6563": 3.15342525164017, "\u6570": 3.2191573277234915, "\u6575": 3.631012233930427, "\u6587": 3.721526241471259, "\u65ad": 4.0080394067180585, "\u65b0": 3.527576646682185, "\u65b9": 2.5102120302869553, "\u65c5": 4.012723256030484, "\u65e5": 1.5297747035980982, "\u65e9": 3.568880452823421, "\u660e": 2.1071880742193185, "\u661f": 3.017907761044018, "\u6620": 3.2940822266443193, "\u6628": 3.828837977260347, "\u6642": 1.933868741077221, "\u666f": 3.3627482473357477, "\u6674": 4.0080394067180585, "\u6697": 3.22341265329363, "\u66ae": 3.7830284412290527, "\u66f2": 4.041296628474541, "\u66f8": 3.067740134791894, "\u6700": 2.4956889534485844, "\u6708": 2.9572831392275836, "\u6709": 3.931597711218116, "\u671b": 2.703249100894035, "\u671d": 3.2023148243289943, "\u671f": 3.319576075470539, "\u672a": 2.6217450455981672, "\u672b": 3.931597711218116, "\u672c": 2.4543315718924985, "\u675f": 3.7145332059802882, "\u6765": 2.0044147012135003, "\u679c": 2.9770857665237633, "\u67af": 3.73922581857066, "\u67d3": 3.1240401794804264, "\u697d": 2.8329854225500064, "\u69cb": 3.966843650279791, "\u69d8": 2.662275026683729, "\u6a5f": 3.66358840436504, "\u6b20": 4.0080394067180585, "\u6b21": 3.3800539944333403, "\u6b32": 2.8757332722634756, "\u6b4c": 2.4165180508629582, "\u6b62": 2.5070821372780276, "\u6b63": 3.1376458315362052, "\u6b64": 3.935936112816714, "\u6b69": 2.7420136443442793, "\u6b6a": 3.922976968174209, "\u6b7b": 2.88785463279582, "\u6b8b": 2.7224435481501823, "\u6bba": 3.4796125874750587, "\u6bce": 3.690435654401228, "\u6c17": 1.608446340642593, "\u6c34": 3.3676622621381767, "\u6c38": 3.6119640389597327,